{"cameraMode":{"drawMode":0,"name":"Shaded","section":"Shading Mode"},"sceneLighting":false,"audioPlay":false,"sceneViewState":{"showFog":true,"showMaterialUpdate":false,"showSkybox":false,"showFlares":true,"showImageEffects":true,"showParticleSystems":true},"in2DMode":false,"pivot":{"x":17.848997116088868,"y":1.2529773712158204,"z":6.303613662719727},"rotation":{"x":-0.23325563967227937,"y":0.08737880736589432,"z":-0.021049972623586656,"w":-0.9682528972625732},"size":3.4471771717071535,"orthographic":false}